id,name,mail,password
1,John Doe,johndoe@example.com,pass123
2,Jane Smith,janesmith@example.com,hello456
3,Michael Johnson,michaeljohnson@example.com,abc123
4,Sarah Davis,sarahdavis@example.com,password789
5,Robert Brown,robertbrown@example.com,securepass
6,Emily Wilson,emilywilson@example.com,letmein
7,David Taylor,davidtaylor@example.com,p@ssw0rd
8,Lisa Anderson,lisaanderson@example.com,welcome123
9,Matthew Thomas,matthewthomas@example.com,secretword
10,Amanda Martinez,amandamartinez@example.com,test123
11,James Garcia,jamesgarcia@example.com,mysecret
12,Olivia Rodriguez,oliviarodriguez@example.com,password1234
13,Christopher Wilson,christopherwilson@example.com,securepassword
14,Emma Lopez,emmalopez@example.com,12345678
15,Alexander Lee,alexanderlee@example.com,letmein123
16,Abigail Hernandez,abigailhernandez@example.com,password!
17,Daniel Walker,danielwalker@example.com,welcome1234
18,Isabella Green,isabellagreen@example.com,passw0rd
19,Anthony Hill,anthonyhill@example.com,test456
20,Sophia Adams,sophiaadams@example.com,mysecret123
21,Andrew Clark,andrewclark@example.com,abcde123
22,Elizabeth Baker,elizabethbaker@example.com,pa$$w0rd
23,Joseph White,josephwhite@example.com,hello1234
24,Mia Harris,miaharris@example.com,secretpass123
25,William Turner,williamturner@example.com,password@123
26,Grace Lewis,gracelewis@example.com,test789
27,Ethan Lewis,ethanlewis@example.com,mysecretword
28,Chloe Turner,chloeturner@example.com,pass1234
29,Charlotte Young,charlotteyoung@example.com,letmein1234
30,Alexander Davis,alexanderdavis@example.com,password12345
31,Sophia Adams,sophiaadams@example.com,securepass123
32,Logan Martin,loganmartin@example.com,welcome12345
33,Mia Thompson,miathompson@example.com,abc12345
34,Liam Smith,liamsmith@example.com,pa$$w0rd123
35,Olivia Johnson,oliviajohnson@example.com,hello12345
36,Noah Davis,noahdavis@example.com,secretpass12345
37,Emma Brown,emmabrown@example.com,test12345
38,Ava Anderson,avaanderson@example.com,mysecretpass
39,William Jones,williamjones@example.com,pass@12345
40,Sophia Wilson,sophiawilson@example.com,letmein@12345
41,Logan Harris,loganharris@example.com,password123456
42,Amelia Garcia,ameliagarcia@example.com,securepass12345
43,James Thomas,jamesthomas@example.com,welcome123456
44,Oliver Davis,oliverdavis@example.com,abcde12345
45,Isabella Jackson,isabellajackson@example.com,pa$$w0rd@123
46,Sophia Green,sophiagreen@example.com,hello123456
47,Charlotte Lopez,charlotte-lopez@example.com,secretpass123456
48,Liam Martinez,liammartinez@example.com,test123456
49,Ava Taylor,avataylor@example.com,mysecret123456
50,Noah Wilson,noahwilson@example.com,pass123456
51,Emma Hernandez,emmahernandez@example.com,letmein123456
52,Oliver Anderson,oliveranderson@example.com,password1234567
53,Isabella Clark,isabellaclark@example.com,securepass123456
54,Sophia Walker,sophiawalker@example.com,welcome1234567
55,Mia Turner,miaturner@example.com,abc1234567
56,Liam Martinez,liammartinez@example.com,pa$$w0rd1234567
57,Ava Adams,avaadams@example.com,hello1234567
58,Noah Garcia,noahgarcia@example.com,secretpass1234567
59,Emma Brown,emmabrown@example.com,test1234567
60,Oliver Harris,oliverharris@example.com,mysecret1234567
61,Isabella Davis,isabelladavis@example.com,pass@1234567
62,Sophia White,sophiawhite@example.com,letmein@1234567
63,Liam Wilson,liamwilson@example.com,password12345678
64,Ava Johnson,avajohnson@example.com,securepass1234567
65,Noah Smith,noahsmith@example.com,welcome12345678
66,Emma Thompson,emmathompson@example.com,abc12345678
67,Oliver Lewis,oliverlewis@example.com,pa$$w0rd12345678
68,Isabella Harris,isabellaharris@example.com,hello12345678
69,Sophia Adams,sophiaadams@example.com,secretpass12345678
70,Liam Clark,liamclark@example.com,test12345678
71,Ava Baker,avabaker@example.com,mysecret12345678
72,Noah Walker,noahwalker@example.com,pass12345678
73,Emma Young,emmayoutg@example.com,letmein12345678
74,Oliver Davis,oliverdavis@example.com,password123456789
75,Isabella Hernandez,isabellahernandez@example.com,securepass12345678
76,Sophia Wilson,sophiawilson@example.com,welcome123456789
77,Liam Thompson,liamthompson@example.com,abc123456789
78,Ava Smith,avasmith@example.com,pa$$w0rd123456789
79,Noah Garcia,noahgarcia@example.com,hello123456789
80,Emma Brown,emmabrown@example.com,secretpass123456789
81,Oliver Harris,oliverharris@example.com,test123456789
82,Isabella Davis,isabelladavis@example.com,mysecret123456789
83,Sophia White,sophiawhite@example.com,pass@123456789
84,Liam Wilson,liamwilson@example.com,letmein@123456789
85,Ava Johnson,avajohnson@example.com,password123456789
86,Noah Smith,noahsmith@example.com,securepass123456789
87,Emma Thompson,emmathompson@example.com,welcome123456789
88,Oliver Lewis,oliverlewis@example.com,abc1234567890
89,Isabella Harris,isabellaharris@example.com,pa$$w0rd123456789
90,Sophia Adams,sophiaadams@example.com,hello1234567890
91,Liam Clark,liamclark@example.com,secretpass1234567890
92,Ava Baker,avabaker@example.com,test1234567890
93,Noah Walker,noahwalker@example.com,mysecret1234567890
94,Emma Young,emmayoutg@example.com,pass1234567890
95,Oliver Davis,oliverdavis@example.com,letmein1234567890
96,Isabella Hernandez,isabellahernandez@example.com,password1234567890
97,Sophia Wilson,sophiawilson@example.com,securepass1234567890
98,Liam Thompson,liamthompson@example.com,welcome1234567890
99,Ava Smith,avasmith@example.com,abc1234567890
100,Noah Garcia,noahgarcia@example.com,pa$$w0rd1234567890

